Publisher,Offer,Sku
kinvolk,flatcar-container-linux-corevm-amd64,stable-gen2
kinvolk,flatcar-container-linux-corevm-amd64,stable
kinvolk,flatcar-container-linux-corevm-amd64,alpha
kinvolk,flatcar-container-linux-corevm-amd64,alpha-gen2
kinvolk,flatcar-container-linux-corevm-amd64,beta-gen2
kinvolk,flatcar-container-linux-corevm-amd64,beta
kinvolk,flatcar-container-linux-corevm,stable
kinvolk,flatcar-container-linux-corevm,alpha
kinvolk,flatcar-container-linux-corevm,beta
SUSE,SLES-Priority,15
SUSE,SLES-Priority,12-sp4
SUSE,SLES-SAP,12-SP3
SUSE,SLES-SAP,15
SUSE,SLES-SAPCAL,12-sp3
SUSE,SLES-SAP,12-sp4
SUSE,SLES-SAP,12-SP2
suse,sles-sap-15-sp1,gen1
suse,sles-sap-15-sp1,gen2
SUSE,SLES-SAP,12-sp1
SUSE,SLES-SAP,12-sp4-gen2
SUSE,SLES-SAP,15-gen2
SUSE,SLES-SAP-BYOS,12-SP2
suse,manager-server-4-2-byos,gen2
suse,manager-server-4-1-byos,gen1
suse,sles-sap-15-sp5-tdxpreview,gen1
SUSE,SLES-HPC,12-SP3
suse,sles-sap-12-sp5,gen2
suse,cap-deploy-byos,gen1
suse,sles-sap-15-sp4-byos,gen1
suse,sles-sap-15-sp1-byos,gen1
suse,sle-micro-5-3-byos,gen1
suse,manager-server-4-1-byos,gen2
SUSE,SLES-SAP-BYOS,15-gen2
suse,opensuse-leap-15-3,gen1
suse,sles-15-sp3-hpc-byos,gen1
SUSE,SLES-BYOS,12-SP3
suse,sles-sap-15-sp5-byos,gen1
suse,manager-server-4-2-byos,gen1
suse,sles-15-sp2,gen1
suse,sles-12-sp5-hpc-byos,gen1
suse,sles-sap-12-sp5,gen1
suse,sles-standard,gen2-12-sp4
suse,sles-15-sp3-chost-byos,gen2
suse,sles-12-sp5,gen2
suse,sles-15-sp3-chost-byos,gen1
suse,sles-15-sp2-chost-byos,gen2
suse,sle-micro-5-4-byos,gen2
suse,sle-hpc-15-sp5,gen2
suse,manager-proxy-4-3-byos,gen2
SUSE,SLES-BYOS,12-sp4-gen2
SUSE,SLES-BYOS,12-sp2
suse,sles-sap-15-sp4,gen2
suse,sles-15-sp3-sapcal,gen2
SUSE,SLES-BYOS,15
suse,manager-proxy-4-byos,gen2
suse,sle-micro-5-1-byos,gen1
suse,sles-15-sp2-monitoring,gen2
suse,sles-15-sp4-arm64,gen2
suse,sles-12-sp5-hpc-byos,gen2
suse,sles-sap-15-sp4-hardened-byos,gen2
suse,sles-15-sp4-chost-byos,gen2
suse,sles-15-sp3-byos,gen1
suse,sles-15-sp1-chost-byos,gen1
suse,sles-sap-15-sp3-byos,gen1
suse,sles-sap-15-sp3,gen1
SUSE,SLES,12-sp4-gen2
suse,sles-sap-15-sp2-byos,gen2
suse,manager-proxy-4-3-byos,gen1
suse,opensuse-leap-15-4,gen1
suse,sles-15-sp5-byos-arm64,gen2
suse,opensuse-leap-15-5-arm64,gen2
SUSE,SLES-BYOS,15-gen2
SUSE,SLES-SAP-BYOS,15
suse,sles-sap-15-sp5-hardened,gen2
suse,sle-hpc-15-sp5-byos,gen1
suse,sle-hpc-15-sp5,gen1
suse,sles-15-sp3-byos,gen2
suse,sle-micro-5-3-byos-arm64,gen2
suse,manager-server-4-3-byos,gen2
suse,opensuse-leap-15-4-arm64,gen2
suse,manager-server-4-3-byos,gen1
suse,sles-12-sp5-basic,gen1
SUSE,SLES-SAP-BYOS,gen2-12-sp4
suse,sles-sap-15-sp5,gen1
suse,sles-15-sp5-tdxpreview,gen2
suse,sles-15-sp3-hpc-byos,gen2
suse,sles-15-sp1-hpc-byos,gen2
SUSE,SLES-BYOS,12-sp1
suse,sle-micro-5-1-byos,gen2
suse,sles-15-sp5-byos,gen2
SUSE,SLES-BYOS,12-sp4
suse,sles-15-sp5-arm64,gen2
suse,sles-15-sp2-basic,gen2
suse,sles-15-sp5-basic,gen1
suse,sles-standard,deprecated
suse,sle-micro-5-3-byos,gen2
suse,sles-sap-15-sp2,gen1
suse,sles-15-sp5-hardened-byos,gen1
SUSE,SLES,gen2-12-sp4
suse,sles-sap-15-sp4-hardened,gen2
SUSE,SLES-SAP-BYOS,12-sp1
suse,sles-15-sp1-chost-byos,gen2
suse,sles-15-sp4-chost-byos-arm64,gen2
suse,sles-15-sp4-basic,gen1
suse,sles-15-sp1-basic,gen2-cloud-init-preview
suse,sles-15-sp4-sapcal,gen1
suse,sles-15-sp1,gen2
suse,sles-sap-15-sp5-tdxpreview,gen2
suse,sles-15-sp4-hardened-byos,gen1
suse,sles-15-sp5,gen2
suse,sles-12-sp5-hpc,gen1
suse,sles-15-sp2-chost-byos,gen1
SUSE,SLES-BYOS,11-SP4
suse,sle-hpc-15-sp5-byos,gen2
suse,sles-sap-15-sp5-hardened-byos,gen1
suse,sle-micro-5-4-byos-arm64,gen2
suse,sles-12-sp5-basic,gen2
suse,manager-proxy-4-byos,gen1
suse,sle-micro-5-2-byos,gen2
suse,sle-hpc-15-sp4,gen2
suse,sles-12-sp5-byos,gen1
suse,sles-sap-15-sp5-hardened-byos,gen2
suse,sles-15-sp4-chost-byos,gen1
suse,sles-sap-15-sp4-hardened,gen1
suse,sles-15-sp2,gen2
suse,sles-15-sp3-sapcal,gen1
suse,console-for-sap-applications,preview-gen1
suse,sles-15-sp2-hpc-byos,gen2
suse,sles-sap-15-sp1-byos,gen2
suse,opensuse-leap-15-4,gen2
suse,sles-15-sp5-sapcal,gen1
suse,sles-sap-15-sp4,gen1
suse,sles-15-sp5-hardened-byos,gen2
suse,sles-15-sp3-hpc,gen2
suse,sles-12-sp5-hpc,gen2
suse,sle-hpc-15-sp4,gen1
SUSE,openSUSE-Leap,15-2
SUSE,SLES-SAP-BYOS,gen2-15
suse,sles-15-sp1-hpc-byos,gen1
suse,sles-15-sp1-hpc,gen1
suse,sles-sap-12-sp5-byos,gen2
suse,sles-15-sp2-monitoring,gen1
suse,sle-micro-5-2-byos,gen1
suse,opensuse-leap-15-5,gen1
suse,sles-15-sp4-byos-arm64,gen2
SUSE,SLES,sles-deleted
suse,manager-server-4-byos,gen1
SUSE,SLES-SAP-BYOS,12-sp4
suse,sle-hpc-15-sp4-byos,gen2
suse,sles-15-sp1-basic,gen2
suse,sles-15-sp5-byos,gen1
suse,sles-15-sp1-sapcal,gen2
suse,sles-15-sp3-hpc,gen1
SUSE,SLES-SAP,gen2-15
suse,sles-15-sp4,gen1
suse,sles-15-sp3,gen1
suse,sles-standard,12-sp4-gen2
suse,sles-15-sp1-basic,cloud-init-preview
suse,sles-15-sp1-byos,gen2
suse,cap-deploy-byos,gen2
suse,sles-12-sp5,gen1
suse,console-for-sap-applications,preview-gen2
suse,sles-sap-15-sp4-hardened-byos,gen1
suse,sles-15-sp1-hpc,gen2
suse,sles-15-sp5-chost-byos,gen2
suse,sles-15-sp4-byos,gen1
suse,manager-proxy-4-1-byos,gen1
SUSE,openSUSE-Leap,15-1
suse,sles-15-sp3-basic,gen2
suse,sles-sap-15-sp5-byos,gen2
suse,manager-proxy-4-1-byos,gen2
suse,sles-sap-15-sp4-byos,gen2
suse,sles-15-sp5-tdxpreview,gen1
suse,sles-15-sp4-basic,gen2
suse,sles-12-sp5-byos,gen2
suse,sles-15-sp5-basic,gen2
suse,sles-15-sp5-chost-byos,gen1
suse,sles-15-sp2-basic,gen1
suse,sles-15-sp2-hpc,gen1
suse,sles-sap-15-sp2-byos,gen1
suse,sles-sap-15-sp2,gen2
suse,sles-15-sp3-basic,gen1
suse,sles-15-sp4-byos,gen2
suse,opensuse-leap-15-5,gen2
suse,sles-15-sp4-sapcal,gen2
suse,sle-hpc-15-sp4-byos,gen1
suse,manager-proxy-4-2-byos,gen2
SUSE,SLES-SAP-BYOS,12-sp4-gen2
suse,sles-15-sp1-sapcal,gen1
suse,sles-15-sp2-byos,gen2
suse,sles-15-sp4-hardened-byos,gen2
suse,sles-sap-15-sp5-hardened,gen1
suse,sles-15-sp3,gen2
suse,sles-15-sp5-sapcal,gen2
suse,sles-15-sp5-chost-byos-arm64,gen2
suse,sles-15-sp5,gen1
suse,sles-sap-12-sp5-byos,gen1
suse,sles-sap-15-sp5,gen2
suse,sles-sap-15-sp3,gen2
suse,sles-15-sp4,gen2
suse,sles-sap-15-sp3-byos,gen2
suse,manager-server-4-byos,gen2
SUSE,SLES-SAP-BYOS,12-SP3
suse,sles-15-sp1-byos,gen1
suse,opensuse-leap-15-3,gen2
SUSE,openSUSE-Leap,15-2-gen2
suse,sle-micro-5-4-byos,gen1
suse,sles-15-sp2-hpc-byos,gen1
SUSE,SLES-SAP,gen2-12-sp4
suse,manager-proxy-4-2-byos,gen1
suse,sles-15-sp2-hpc,gen2
suse,sles-15-sp2-byos,gen1
microsoftwindowsserver,19h1gen2servertest,datacenter-core-1903-smalldisk-gen2
microsoftwindowsserver,19h1gen2servertest,2019-datacenter-gen2
microsoftwindowsserver,19h1gen2servertest,2019-datacentero3tf
microsoftwindowsserver,server2016gen2testing,2016-datacenter-gen2
microsoftwindowsserver,servertesting,2016-datacenter
microsoftwindowsserver,windows-10-1607-vhd-server-prod-stage,2016-datacenter-zhcn
microsoftwindowsserver,windows-10-1607-vhd-server-prod-stage,2016-datacenter
microsoftwindowsserver,windows-10-1607-vhd-server-prod-stage,2016-datacenter-with-containers-gensecond
microsoftwindowsserver,windows-10-1607-vhd-server-prod-stage,2019-datacenter3y75
microsoftwindowsserver,windows-10-1607-vhd-server-prod-stage,2016-datacenter-server-core
microsoftwindowsserver,windows-10-1607-vhd-server-prod-stage,2016-datacenter-gensecond
microsoftwindowsserver,windows-10-1607-vhd-server-prod-stage,2016-datacenter-server-core-smalldisk
microsoftwindowsserver,windows-10-1607-vhd-server-prod-stage,2016-datacenter-with-containers-gs
microsoftwindowsserver,windows-10-1607-vhd-server-prod-stage,2016-datacenter-gs
microsoftwindowsserver,windows-10-1607-vhd-server-prod-stage,2016-datacenter-smalldisk-gensecond
microsoftwindowsserver,windows-10-1607-vhd-server-prod-stage,2016-datacenter-server-core-gensecond
microsoftwindowsserver,windows-10-1607-vhd-server-prod-stage,2016-datacenter-zhcn-gensecond
microsoftwindowsserver,windows-10-1607-vhd-server-prod-stage,2016-datacenter-smalldisk
microsoftwindowsserver,windows-10-1607-vhd-server-prod-stage,2016-datacenter-with-containers
microsoftwindowsserver,windows-10-1607-vhd-server-prod-stage,2016-datacenter-server-core-smalldisk-gensecond
microsoftwindowsserver,windows-10-1607-vhd-sf-server-prod-stage,ws2016-dotnetcore-2-1
microsoftwindowsserver,windows-10-1607-vhd-sf-server-prod-stage,2019-datacentercngd
microsoftwindowsserver,windows-10-1607-vhd-sf-server-prod-stage,ws2016-dotnetcore
microsoftwindowsserver,windows-10-1607-vhd-sf-server-prod-stage,ws2016-dotnetcore-2-2
microsoftwindowsserver,windows-10-1803-vhd-server-prod-stage,2019-datacenterqx4j
microsoftwindowsserver,windows-10-1803-vhd-server-prod-stage,datacenter-core-1803-with-containers-smalldisk
microsoftwindowsserver,windows-10-1803-vhd-server-prod-stage,datacenter-core-1803-with-containers-smalldisk-g2
microsoftwindowsserver,windows-10-1803-vhd-server-prod-stage,datacenter-core-1803-with-containers-smalldisk-gensecond
microsoftwindowsserver,windows-10-1809-vhd-server-prod-stage,2019-datacenter-smalldisk
microsoftwindowsserver,windows-10-1809-vhd-server-prod-stage,datacenter-core-1809-with-containers-smalldisk
microsoftwindowsserver,windows-10-1809-vhd-server-prod-stage,2019-datacenter-core
microsoftwindowsserver,windows-10-1809-vhd-server-prod-stage,2019-datacenter
microsoftwindowsserver,windows-10-1809-vhd-server-prod-stage,2019-datacenter-gensecond
microsoftwindowsserver,windows-10-1809-vhd-server-prod-stage,2019-datacenter-core-with-containers-smalldisk-gensecond
microsoftwindowsserver,windows-10-1809-vhd-server-prod-stage,2019-datacenter-smalldisk-gensecond
microsoftwindowsserver,windows-10-1809-vhd-server-prod-stage,2019-datacenter-zhcn
microsoftwindowsserver,windows-10-1809-vhd-server-prod-stage,datacenter-core-1809-with-containers-smalldisk-gensecond
microsoftwindowsserver,windows-10-1809-vhd-server-prod-stage,datacenter-core-1809-with-containers-smalldisk-g2
microsoftwindowsserver,windows-10-1809-vhd-server-prod-stage,2019-datacenter-with-containers-smalldisk-gensecond
microsoftwindowsserver,windows-10-1809-vhd-server-prod-stage,2019-datacenter-core-with-containers-smalldisk-g2
microsoftwindowsserver,windows-10-1809-vhd-server-prod-stage,2019-datacenter-core-smalldisk-gensecond
microsoftwindowsserver,windows-10-1809-vhd-server-prod-stage,2019-datacenter-with-containers-smalldisk-g2
microsoftwindowsserver,windows-10-1809-vhd-server-prod-stage,2019-datacenterxpuv
microsoftwindowsserver,windows-10-1809-vhd-server-prod-stage,2019-datacenter-zhcn-gensecond
microsoftwindowsserver,windows-10-1809-vhd-server-prod-stage,2019-datacenter-with-containers-smalldisk
microsoftwindowsserver,windows-10-1809-vhd-server-prod-stage,2019-datacenter-core-gensecond
microsoftwindowsserver,windows-10-1809-vhd-server-prod-stage,2019-datacenter-gs
microsoftwindowsserver,windows-10-1809-vhd-server-prod-stage,2019-datacenter-with-containers-gs
microsoftwindowsserver,windows-10-1809-vhd-server-prod-stage,2019-datacenter-core-with-containers-smalldisk
microsoftwindowsserver,windows-10-1809-vhd-server-prod-stage,2019-datacenter-core-with-containers
microsoftwindowsserver,windows-10-1809-vhd-server-prod-stage,2019-datacenter-core-smalldisk
microsoftwindowsserver,windows-10-1809-vhd-server-prod-stage,2019-datacenter-core-with-containers-gensecond
microsoftwindowsserver,windows-10-1809-vhd-server-prod-stage,2019-datacenter-with-containers
microsoftwindowsserver,windows-10-1809-vhd-server-prod-stage,2019-datacenter-with-containers-gensecond
microsoftwindowsserver,windows-10-1809-vhd-sf-server-prod-stage,ws2019-dotnetcore-2-1
microsoftwindowsserver,windows-10-1809-vhd-sf-server-prod-stage,ws2019-dotnetcore
microsoftwindowsserver,windows-10-1809-vhd-sf-server-prod-stage,ws2019-dotnetcore-2-2
microsoftwindowsserver,windows-10-1809-vhd-sf-server-prod-stage,2019-datacenterbydq
microsoftwindowsserver,windows-10-1903-vhd-server-prod-stage,datacenter-core-1903-with-containers-smalldisk-g2
microsoftwindowsserver,windows-10-1903-vhd-server-prod-stage,2019-datacenterpl3g
microsoftwindowsserver,windows-10-1903-vhd-server-prod-stage,datacenter-core-1903-with-containers-smalldisk
microsoftwindowsserver,windows-10-1909-vhd-server-prod-stage,datacenter-core-1909-with-containers-smalldisk-g1
microsoftwindowsserver,windows-10-1909-vhd-server-prod-stage,datacenter-core-1909-with-containers-smalldisk
microsoftwindowsserver,windows-10-1909-vhd-server-prod-stage,2019-datacenterhz4x
microsoftwindowsserver,windows-10-2004-vhd-server-prod-stage,datacenter-core-2004-with-containers-smalldisk-g2
microsoftwindowsserver,windows-10-2004-vhd-server-prod-stage,datacenter-core-2004-with-containers-smalldisk
microsoftwindowsserver,windows-10-2004-vhd-server-prod-stage,2019-datacenter6yfe
microsoftwindowsserver,windows-10-20h2-vhd-server-prod-stage,datacenter-core-20h2-with-containers-smalldisk-g2
microsoftwindowsserver,windows-10-20h2-vhd-server-prod-stage,2019-datacenterub51
microsoftwindowsserver,windows-10-20h2-vhd-server-prod-stage,datacenter-core-20h2-with-containers-smalldisk
microsoftwindowsserver,windows-7-0-sp1-vhd-server-prod-stage,2019-datacentercloe
microsoftwindowsserver,windows-7-0-sp1-vhd-server-prod-stage,2008-r2-sp1-zhcn
microsoftwindowsserver,windows-7-0-sp1-vhd-server-prod-stage,2008-r2-sp1
microsoftwindowsserver,windows-7-0-sp1-vhd-server-prod-stage,2008-r2-sp1-smalldisk
microsoftwindowsserver,windows-8-0-vhd-server-prod-stage,2019-datacenterjxpt
microsoftwindowsserver,windows-8-0-vhd-server-prod-stage,2012-datacenter
microsoftwindowsserver,windows-8-0-vhd-server-prod-stage,2012-datacenter-smalldisk
microsoftwindowsserver,windows-8-0-vhd-server-prod-stage,2012-datacenter-zhcn
microsoftwindowsserver,windows-8-1-vhd-server-prod-stage,2012-r2-datacenter-smalldisk-g2
microsoftwindowsserver,windows-8-1-vhd-server-prod-stage,2012-r2-datacenter-smalldisk
microsoftwindowsserver,windows-8-1-vhd-server-prod-stage,2012-r2-datacenter-zhcn-g2
microsoftwindowsserver,windows-8-1-vhd-server-prod-stage,2012-r2-datacenter-zhcn
microsoftwindowsserver,windows-8-1-vhd-server-prod-stage,2012-r2-datacenter-gensecond
microsoftwindowsserver,windows-8-1-vhd-server-prod-stage,2019-datacenter6wdm
microsoftwindowsserver,windows-8-1-vhd-server-prod-stage,2012-r2-datacenter
microsoftwindowsserver,windows-arm64-previews,test-pro
microsoftwindowsserver,windows-arm64-previews,test-ent
microsoftwindowsserver,windows-cvm,2019-datacenter-cvm
microsoftwindowsserver,windows-cvm,2022-datacenter-cvm
MicrosoftWindowsServer,WindowsServer,Datacenter-Core-1809-with-Containers-smalldisk
MicrosoftWindowsServer,WindowsServer,2016-datacenter-server-core-smalldisk-g2
MicrosoftWindowsServer,WindowsServer,2016-Datacenter
MicrosoftWindowsServer,WindowsServer,2019-datacenter-core-smalldisk-g2
MicrosoftWindowsServer,WindowsServer,2019-datacenter-gensecond
MicrosoftWindowsServer,WindowsServer,2012-r2-datacenter-gensecond
MicrosoftWindowsServer,WindowsServer,2016-datacenter-smalldisk-g2
MicrosoftWindowsServer,WindowsServer,datacenter-core-1809-with-containers-smalldisk-g2
MicrosoftWindowsServer,WindowsServer,2022-datacenter-core
MicrosoftWindowsServer,WindowsServer,2022-datacenter-smalldisk
MicrosoftWindowsServer,WindowsServer,2019-datacenter-smalldisk-g2
MicrosoftWindowsServer,WindowsServer,datacenter-core-1803-with-containers-smalldisk-g2
MicrosoftWindowsServer,WindowsServer,2019-Datacenter-zhcn
MicrosoftWindowsServer,WindowsServer,2022-datacenter-core-smalldisk-g2
MicrosoftWindowsServer,WindowsServer,2022-datacenter-azure-edition-core
MicrosoftWindowsServer,WindowsServer,2016-Datacenter-Server-Core
MicrosoftWindowsServer,WindowsServer,2008-R2-SP1-smalldisk
MicrosoftWindowsServer,WindowsServer,Datacenter-Core-1903-with-Containers-smalldisk
MicrosoftWindowsServer,WindowsServer,2019-Datacenter-with-Containers-smalldisk
MicrosoftWindowsServer,WindowsServer,2012-R2-Datacenter
MicrosoftWindowsServer,WindowsServer,2019-Datacenter-smalldisk
MicrosoftWindowsServer,WindowsServer,Datacenter-Core-1803-with-Containers-smalldisk
MicrosoftWindowsServer,WindowsServer,2012-Datacenter-smalldisk
MicrosoftWindowsServer,WindowsServer,datacenter-core-1909-with-containers-smalldisk-g1
MicrosoftWindowsServer,WindowsServer,2019-Datacenter-Core-with-Containers
MicrosoftWindowsServer,WindowsServer,2012-R2-Datacenter-smalldisk
MicrosoftWindowsServer,WindowsServer,2019-datacenter-with-containers-gs
MicrosoftWindowsServer,WindowsServer,datacenter-core-1909-with-containers-smalldisk
MicrosoftWindowsServer,WindowsServer,2022-datacenter-core-g2
MicrosoftWindowsServer,WindowsServer,datacenter-core-20h2-with-containers-smalldisk-g2
MicrosoftWindowsServer,WindowsServer,2022-datacenter-g2
MicrosoftWindowsServer,WindowsServer,2019-Datacenter-Core-smalldisk
MicrosoftWindowsServer,WindowsServer,2016-datacenter-gs
MicrosoftWindowsServer,WindowsServer,2016-Datacenter-zhcn
MicrosoftWindowsServer,WindowsServer,2012-R2-Datacenter-zhcn
MicrosoftWindowsServer,WindowsServer,2019-datacenter-core-g2
MicrosoftWindowsServer,WindowsServer,2019-Datacenter-Core
MicrosoftWindowsServer,WindowsServer,2022-datacenter
MicrosoftWindowsServer,WindowsServer,2016-datacenter-gensecond
MicrosoftWindowsServer,WindowsServer,2016-datacenter-zhcn-g2
MicrosoftWindowsServer,WindowsServer,2019-datacenter-with-containers-g2
MicrosoftWindowsServer,WindowsServer,2012-datacenter-smalldisk-g2
MicrosoftWindowsServer,WindowsServer,2022-datacenter-core-smalldisk
MicrosoftWindowsServer,WindowsServer,2022-datacenter-azure-edition-hotpatch
MicrosoftWindowsServer,WindowsServer,2016-datacenter-server-core-g2
MicrosoftWindowsServer,WindowsServer,2016-Datacenter-Server-Core-smalldisk
MicrosoftWindowsServer,WindowsServer,2012-Datacenter
MicrosoftWindowsServer,WindowsServer,2019-datacenter-core-with-containers-smalldisk-g2
MicrosoftWindowsServer,WindowsServer,datacenter-core-2004-with-containers-smalldisk
MicrosoftWindowsServer,WindowsServer,2012-r2-datacenter-zhcn-g2
MicrosoftWindowsServer,WindowsServer,2019-datacenter-gs
MicrosoftWindowsServer,WindowsServer,2022-datacenter-azure-edition
MicrosoftWindowsServer,WindowsServer,2016-datacenter-with-containers-g2
MicrosoftWindowsServer,WindowsServer,2012-datacenter-zhcn-g2
MicrosoftWindowsServer,WindowsServer,2019-datacenter-zhcn-g2
MicrosoftWindowsServer,WindowsServer,2012-Datacenter-zhcn
MicrosoftWindowsServer,WindowsServer,2019-Datacenter-with-Containers
MicrosoftWindowsServer,WindowsServer,2016-datacenter-with-containers-gs
MicrosoftWindowsServer,WindowsServer,2016-Datacenter-with-Containers
MicrosoftWindowsServer,WindowsServer,2022-datacenter-azure-edition-hotpatch-smalldisk
MicrosoftWindowsServer,WindowsServer,2022-datacenter-smalldisk-g2
MicrosoftWindowsServer,WindowsServer,2019-datacenter-with-containers-smalldisk-g2
MicrosoftWindowsServer,WindowsServer,2022-datacenter-azure-edition-smalldisk
MicrosoftWindowsServer,WindowsServer,2022-datacenter-azure-edition-core-smalldisk
MicrosoftWindowsServer,WindowsServer,datacenter-core-1903-with-containers-smalldisk-g2
MicrosoftWindowsServer,WindowsServer,2019-Datacenter-Core-with-Containers-smalldisk
MicrosoftWindowsServer,WindowsServer,2012-datacenter-gensecond
MicrosoftWindowsServer,WindowsServer,2019-datacenter-core-with-containers-g2
MicrosoftWindowsServer,WindowsServer,2019-Datacenter
MicrosoftWindowsServer,WindowsServer,datacenter-core-2004-with-containers-smalldisk-g2
MicrosoftWindowsServer,WindowsServer,2008-R2-SP1-zhcn
MicrosoftWindowsServer,WindowsServer,2016-Datacenter-smalldisk
MicrosoftWindowsServer,WindowsServer,datacenter-core-20h2-with-containers-smalldisk
MicrosoftWindowsServer,WindowsServer,2012-r2-datacenter-smalldisk-g2
MicrosoftWindowsServer,WindowsServer,datacenter-core-1909-with-containers-smalldisk-g2
MicrosoftWindowsServer,WindowsServer,2008-R2-SP1
MicrosoftWindowsServer,WindowsServer,datacenter-core-20h2-with-containers-smalldisk-gs
microsoftwindowsserver,windows-server-2012-vhd-server-prod-stage,2012-datacenter-zhcn
microsoftwindowsserver,windows-server-2012-vhd-server-prod-stage,2012-datacenter
microsoftwindowsserver,windows-server-2012-vhd-server-prod-stage,2012-datacenter-smalldisk
microsoftwindowsserver,windows-server-2012-vhd-server-prod-stage,2012-datacenter-zhcn-gensecond
microsoftwindowsserver,windows-server-2012-vhd-server-prod-stage,2012-datacenter-smalldisk-gensecond
microsoftwindowsserver,windows-server-2012-vhd-server-prod-stage,2012-datacenter-gensecond
microsoftwindowsserver,windows-server-2012-vhd-server-prod-stage,2019-datacenterzg4w
microsoftwindowsserver,windowsserverdotnet,ws2016-dotnetcore-2-2
microsoftwindowsserver,windowsserverdotnet,ws2019-dotnetcore
microsoftwindowsserver,windowsserverdotnet,ws2019-dotnetcore-2-1
microsoftwindowsserver,windowsserverdotnet,ws2016-dotnetcore-2-1
microsoftwindowsserver,windowsserverdotnet,ws2019-dotnetcore-2-2
microsoftwindowsserver,windowsserverdotnet,ws2016-dotnetcore
microsoftwindowsserver,windowsserver-gen2preview,2012-datacenter-gen2
microsoftwindowsserver,windowsserver-gen2preview,2012-r2-datacenter-gen2
microsoftwindowsserver,windowsserver-gen2preview,2019-datacenter-gen2
microsoftwindowsserver,windowsserver-gen2preview,2016-datacenter-gen2
microsoftwindowsserver,windowsserver-gen2preview,windowsserver2016-tvm-sc
microsoftwindowsserver,windowsserver-gen2preview,windows10-tvm-sc
microsoftwindowsserver,windowsserver-gen2preview,windowsserver2019-tvm-sc
microsoftwindowsserver,windowsserver-gen2preview,windowsserver2016-tvm
microsoftwindowsserver,windowsserver-gen2preview,windows10-tvm
microsoftwindowsserver,windowsserver-gen2preview,windowsserver2019-tvm
microsoftwindowsserver,windowsserver-gen2-preview,2012-r2-datacenter-gen2
microsoftwindowsserver,windowsserver-gen2-preview,2016-datacenter-gen2
microsoftwindowsserver,windowsserver-gen2-preview,2019-datacenter-gen2
microsoftwindowsserver,windowsserver-gen2-preview,2012-datacenter-gen2
microsoftwindowsserver,windowsserver-gen2-testing,2016-datacenter
microsoftwindowsserver,windowsserver-gen2-testing,2016-datacenter-gen2
microsoftwindowsserver,windowsserver-preview,2012-datacenter-gen2
microsoftwindowsserver,windowsserver-preview,2012-r2-datacenter-gen2
microsoftwindowsserver,windowsserver-preview,2016-datacenter-gen2
microsoftwindowsserver,windowsserver-preview,2019-datacenter-gen2
microsoftwindowsserver,windowsserver-previewtest,windowsserverpreview-testsku
microsoftwindowsserver,windowsserver-previewtest,2019-datacenterta3z
microsoftwindowsserver,windowsserverupgrade,server2012upgrade
microsoftwindowsserver,windowsserverupgrade,server2019upgrade
microsoftwindowsserver,windowsserverupgrade,server2016upgrade
microsoftwindowsserver,windowsserverupgrade,server2022upgrade
microsoftwindowsserver,ws2012-preview,2012-datacenter-smalldisk
microsoftwindowsdesktop,0804777c-0b04-4bdd-964b-214c8377d0d2,rs4-pro
microsoftwindowsdesktop,676738ac-a807-468f-8a7b-961bfa3a3404,rs5-pro
microsoftwindowsdesktop,676738ac-a807-468f-8a7b-961bfa3a3404,rs5-pro-zh-cn
microsoftwindowsdesktop,676738ac-a807-468f-8a7b-961bfa3a3404,rs5-evd
microsoftwindowsdesktop,676738ac-a807-468f-8a7b-961bfa3a3404,rs5-pron
microsoftwindowsdesktop,6f8d5b91-ec98-4230-85d8-cc4e0a5c11ef,rs4-pro
microsoftwindowsdesktop,6f8d5b91-ec98-4230-85d8-cc4e0a5c11ef,rs4-pron
microsoftwindowsdesktop,6f8d5b91-ec98-4230-85d8-cc4e0a5c11ef,rs4-pro-zh-cn
microsoftwindowsdesktop,office-365,rs5-evd-o365pp
microsoftwindowsdesktop,office-365,win10-21h2-avd-m365-g2
microsoftwindowsdesktop,office-365,win10-22h2-avd-m365-g2
microsoftwindowsdesktop,office-365,win11-22h2-avd-m365
microsoftwindowsdesktop,office-365,20h1-evd-o365pp-g2
microsoftwindowsdesktop,office-365,win11-21h2-avd-m365
microsoftwindowsdesktop,office-365,20h2-evd-o365pp
microsoftwindowsdesktop,office-365,19h2-evd-o365pp-g2
microsoftwindowsdesktop,office-365,20h2-evd-o365pp-g2
microsoftwindowsdesktop,office-365,21h1-evd-o365pp
microsoftwindowsdesktop,office-365,21h1-evd-o365pp-g2
microsoftwindowsdesktop,office-365,rs5-evd-o365pp-g2
microsoftwindowsdesktop,office-365,20h1-evd-o365pp
microsoftwindowsdesktop,office-365,19h2-evd-o365pp
microsoftwindowsdesktop,office-365,win10-21h2-avd-m365
microsoftwindowsdesktop,office-365,19h1-evd-o365pp
microsoftwindowsdesktop,office-365,win10-22h2-avd-m365
microsoftwindowsdesktop,office-365,1903-evd-o365pp
microsoftwindowsdesktop,test_sj_win_client,test_sj_client_sku1
MicrosoftWindowsDesktop,Windows-10,RS3-Pro
MicrosoftWindowsDesktop,Windows-10,RS3-ProN
MicrosoftWindowsDesktop,Windows-10,rs4-pro
MicrosoftWindowsDesktop,Windows-10,rs4-pron
MicrosoftWindowsDesktop,Windows-10,rs5-pro
MicrosoftWindowsDesktop,Windows-10,rs5-pron
MicrosoftWindowsDesktop,Windows-10,win10-22h2-pron-g2
MicrosoftWindowsDesktop,Windows-10,20h2-pron
MicrosoftWindowsDesktop,Windows-10,19h2-pro-zh-cn-g2
MicrosoftWindowsDesktop,Windows-10,20h1-pron
MicrosoftWindowsDesktop,Windows-10,20h1-pro-zh-cn-g2
MicrosoftWindowsDesktop,Windows-10,rs5-pro-g2
MicrosoftWindowsDesktop,Windows-10,21h1-pron
MicrosoftWindowsDesktop,Windows-10,19h1-entn-gensecond
MicrosoftWindowsDesktop,Windows-10,20h2-evd-g2
MicrosoftWindowsDesktop,Windows-10,20h1-pro
MicrosoftWindowsDesktop,Windows-10,21h1-ent
MicrosoftWindowsDesktop,Windows-10,19h1-ent-gensecond
MicrosoftWindowsDesktop,Windows-10,21h1-entn-g2
MicrosoftWindowsDesktop,Windows-10,19h1-entn
MicrosoftWindowsDesktop,Windows-10,20h2-ent
MicrosoftWindowsDesktop,Windows-10,21h1-evd
MicrosoftWindowsDesktop,Windows-10,win10-21h2-pro
MicrosoftWindowsDesktop,Windows-10,21h1-pro
MicrosoftWindowsDesktop,Windows-10,20h2-entn
MicrosoftWindowsDesktop,Windows-10,20h2-pron-g2
MicrosoftWindowsDesktop,Windows-10,19h2-evd-g2
MicrosoftWindowsDesktop,Windows-10,19h2-evd
MicrosoftWindowsDesktop,Windows-10,19h1-ent
MicrosoftWindowsDesktop,Windows-10,win10-21h2-pro-zh-cn-g2
MicrosoftWindowsDesktop,Windows-10,rs1-enterprisen-g2
MicrosoftWindowsDesktop,Windows-10,20h1-entn-g2
MicrosoftWindowsDesktop,Windows-10,rs1-enterprise
MicrosoftWindowsDesktop,Windows-10,19h2-pron-g2
MicrosoftWindowsDesktop,Windows-10,19h1-pron-gensecond
MicrosoftWindowsDesktop,Windows-10,21h1-pro-g2
MicrosoftWindowsDesktop,Windows-10,rs4-pro-g2
MicrosoftWindowsDesktop,Windows-10,20h1-ent-g2
MicrosoftWindowsDesktop,Windows-10,20h1-pro-g2
MicrosoftWindowsDesktop,Windows-10,rs5-evd-g2
MicrosoftWindowsDesktop,Windows-10,win10-22h2-entn
MicrosoftWindowsDesktop,Windows-10,rs5-pron-g2
MicrosoftWindowsDesktop,Windows-10,win10-21h2-avd-g2
MicrosoftWindowsDesktop,Windows-10,win10-22h2-pro-zh-cn
MicrosoftWindowsDesktop,Windows-10,20h2-pro-g2
MicrosoftWindowsDesktop,Windows-10,rs5-pro-zh-cn-g2
MicrosoftWindowsDesktop,Windows-10,19h2-pro
MicrosoftWindowsDesktop,Windows-10,20h2-ent-g2
MicrosoftWindowsDesktop,Windows-10,win10-21h2-entn-ltsc-g2
MicrosoftWindowsDesktop,Windows-10,win10-22h2-avd-g2
MicrosoftWindowsDesktop,Windows-10,19h1-evd
MicrosoftWindowsDesktop,Windows-10,19h1-pro-zh-cn-gensecond
MicrosoftWindowsDesktop,Windows-10,21h1-ent-g2
MicrosoftWindowsDesktop,Windows-10,19h1-pro-gensecond
MicrosoftWindowsDesktop,Windows-10,19h1-pron
MicrosoftWindowsDesktop,Windows-10,win10-22h2-pron
MicrosoftWindowsDesktop,Windows-10,rs5-enterprisen-g2
MicrosoftWindowsDesktop,Windows-10,rs5-enterprisen-standard-g2
MicrosoftWindowsDesktop,Windows-10,rs4-pro-zh-cn-g2
MicrosoftWindowsDesktop,Windows-10,20h2-pro
MicrosoftWindowsDesktop,Windows-10,20h1-ent
MicrosoftWindowsDesktop,Windows-10,win10-21h2-entn
MicrosoftWindowsDesktop,Windows-10,rs4-pron-g2
MicrosoftWindowsDesktop,Windows-10,rs5-enterprisen
MicrosoftWindowsDesktop,Windows-10,win10-22h2-pro-g2
MicrosoftWindowsDesktop,Windows-10,19h1-pro-zh-cn
MicrosoftWindowsDesktop,Windows-10,win10-22h2-pro
MicrosoftWindowsDesktop,Windows-10,20h1-pron-g2
MicrosoftWindowsDesktop,Windows-10,rs4-pro-zh-cn
MicrosoftWindowsDesktop,Windows-10,rs5-enterprise-g2
MicrosoftWindowsDesktop,Windows-10,20h2-entn-g2
MicrosoftWindowsDesktop,Windows-10,rs1-enterprisen
MicrosoftWindowsDesktop,Windows-10,20h1-entn
MicrosoftWindowsDesktop,Windows-10,win10-21h2-pron-g2
MicrosoftWindowsDesktop,Windows-10,20h2-evd
MicrosoftWindowsDesktop,Windows-10,win10-22h2-pro-zh-cn-g2
MicrosoftWindowsDesktop,Windows-10,19h2-pron
MicrosoftWindowsDesktop,Windows-10,win10-21h2-entn-ltsc
MicrosoftWindowsDesktop,Windows-10,win10-21h2-ent-ltsc
MicrosoftWindowsDesktop,Windows-10,rs5-enterprisen-standard
MicrosoftWindowsDesktop,Windows-10,19h2-pro-g2
MicrosoftWindowsDesktop,Windows-10,21h1-entn
MicrosoftWindowsDesktop,Windows-10,rs1-enterprise-g2
MicrosoftWindowsDesktop,Windows-10,20h2-pro-zh-cn-g2
MicrosoftWindowsDesktop,Windows-10,19h2-ent-g2
MicrosoftWindowsDesktop,Windows-10,20h1-pro-zh-cn
MicrosoftWindowsDesktop,Windows-10,win10-22h2-ent
MicrosoftWindowsDesktop,Windows-10,19h2-pro-zh-cn
MicrosoftWindowsDesktop,Windows-10,rs5-enterprise
MicrosoftWindowsDesktop,Windows-10,19h1-pro
MicrosoftWindowsDesktop,Windows-10,win10-21h2-avd
MicrosoftWindowsDesktop,Windows-10,rs5-enterprise-standard-g2
MicrosoftWindowsDesktop,Windows-10,win10-22h2-entn-g2
MicrosoftWindowsDesktop,Windows-10,19h2-ent
MicrosoftWindowsDesktop,Windows-10,rs5-enterprise-standard
MicrosoftWindowsDesktop,Windows-10,21h1-pro-zh-cn
MicrosoftWindowsDesktop,Windows-10,rs5-pro-zh-cn
MicrosoftWindowsDesktop,Windows-10,win10-22h2-ent-g2
MicrosoftWindowsDesktop,Windows-10,21h1-pro-zh-cn-g2
MicrosoftWindowsDesktop,Windows-10,21h1-evd-g2
MicrosoftWindowsDesktop,Windows-10,win10-21h2-ent-ltsc-g2
MicrosoftWindowsDesktop,Windows-10,21h1-pron-g2
MicrosoftWindowsDesktop,Windows-10,19h2-entn-g2
MicrosoftWindowsDesktop,Windows-10,win10-21h2-entn-g2
MicrosoftWindowsDesktop,Windows-10,win10-21h2-ent-g2
MicrosoftWindowsDesktop,Windows-10,20h1-evd-g2
MicrosoftWindowsDesktop,Windows-10,win10-22h2-avd
MicrosoftWindowsDesktop,Windows-10,win10-21h2-ent
MicrosoftWindowsDesktop,Windows-10,win10-21h2-pro-zh-cn
MicrosoftWindowsDesktop,Windows-10,rs5-evd
MicrosoftWindowsDesktop,Windows-10,20h2-pro-zh-cn
MicrosoftWindowsDesktop,Windows-10,win10-21h2-pro-g2
MicrosoftWindowsDesktop,Windows-10,20h1-evd
MicrosoftWindowsDesktop,Windows-10,win10-21h2-pron
MicrosoftWindowsDesktop,Windows-10,19h2-entn
microsoftwindowsdesktop,windows-10-1607-vhd-client-prod-stage,rs1-enterprise-gensecond
microsoftwindowsdesktop,windows-10-1607-vhd-client-prod-stage,rs1-enterprisen-gensecond
microsoftwindowsdesktop,windows-10-1607-vhd-client-prod-stage,2019-datacenterzw6s
microsoftwindowsdesktop,windows-10-1607-vhd-client-prod-stage,rs1-enterprise
microsoftwindowsdesktop,windows-10-1607-vhd-client-prod-stage,rs1-enterprisen
microsoftwindowsdesktop,windows-10-1607-vhd-client-prod-stage,2019-datacenterl15e
microsoftwindowsdesktop,windows-10-1803-vhd-client-prod-stage,rs4-pro
microsoftwindowsdesktop,windows-10-1803-vhd-client-prod-stage,2019-datacenterez2n
microsoftwindowsdesktop,windows-10-1803-vhd-client-prod-stage,2019-datacenterieb4
microsoftwindowsdesktop,windows-10-1803-vhd-client-prod-stage,rs4-pro-zh-cn-gensecond
microsoftwindowsdesktop,windows-10-1803-vhd-client-prod-stage,rs4-pro-zh-cn
microsoftwindowsdesktop,windows-10-1803-vhd-client-prod-stage,rs4-pron-gensecond
microsoftwindowsdesktop,windows-10-1803-vhd-client-prod-stage,rs4-pron
microsoftwindowsdesktop,windows-10-1803-vhd-client-prod-stage,rs4-pro-gensecond
microsoftwindowsdesktop,windows-10-1809-vhd-client-office-prod-stage,2019-datacenteryzi5
microsoftwindowsdesktop,windows-10-1809-vhd-client-office-prod-stage,2019-datacentert9og
microsoftwindowsdesktop,windows-10-1809-vhd-client-office-prod-stage,rs5-evd-o365pp
microsoftwindowsdesktop,windows-10-1809-vhd-client-prod-stage,rs5-enterprise
microsoftwindowsdesktop,windows-10-1809-vhd-client-prod-stage,rs5-enterprise-gensecond
microsoftwindowsdesktop,windows-10-1809-vhd-client-prod-stage,rs5-evd-gensecond
microsoftwindowsdesktop,windows-10-1809-vhd-client-prod-stage,rs5-pron
microsoftwindowsdesktop,windows-10-1809-vhd-client-prod-stage,2019-datacenter4n4h
microsoftwindowsdesktop,windows-10-1809-vhd-client-prod-stage,rs5-pro
microsoftwindowsdesktop,windows-10-1809-vhd-client-prod-stage,rs5-evd
microsoftwindowsdesktop,windows-10-1809-vhd-client-prod-stage,rs5-enterprisen
microsoftwindowsdesktop,windows-10-1809-vhd-client-prod-stage,rs5-enterprisen-standard-gensecond
microsoftwindowsdesktop,windows-10-1809-vhd-client-prod-stage,rs5-enterprisen-standard
microsoftwindowsdesktop,windows-10-1809-vhd-client-prod-stage,rs5-pro-gensecond
microsoftwindowsdesktop,windows-10-1809-vhd-client-prod-stage,rs5-enterprisen-gensecond
microsoftwindowsdesktop,windows-10-1809-vhd-client-prod-stage,rs5-pro-zh-cn-gensecond
microsoftwindowsdesktop,windows-10-1809-vhd-client-prod-stage,2019-datacenter70an
microsoftwindowsdesktop,windows-10-1809-vhd-client-prod-stage,rs5-enterprise-standard
microsoftwindowsdesktop,windows-10-1809-vhd-client-prod-stage,rs5-enterprise-standard-gensecond
microsoftwindowsdesktop,windows-10-1809-vhd-client-prod-stage,rs5-pron-gensecond
microsoftwindowsdesktop,windows-10-1809-vhd-client-prod-stage,rs5-pro-zh-cn
microsoftwindowsdesktop,windows-10-1903-vhd-client-office-prod-stage,2019-datacenter78i6
microsoftwindowsdesktop,windows-10-1903-vhd-client-office-prod-stage,1903-evd-o365pp
microsoftwindowsdesktop,windows-10-1903-vhd-client-office-prod-stage,19h1-evd-o365pp
microsoftwindowsdesktop,windows-10-1903-vhd-client-office-prod-stage,2019-datacenterqp4x
microsoftwindowsdesktop,windows-10-1903-vhd-client-prod-stage,19h1-pron
microsoftwindowsdesktop,windows-10-1903-vhd-client-prod-stage,19h1-ent-gensecond
microsoftwindowsdesktop,windows-10-1903-vhd-client-prod-stage,19h1-evd
microsoftwindowsdesktop,windows-10-1903-vhd-client-prod-stage,19h1-ent
microsoftwindowsdesktop,windows-10-1903-vhd-client-prod-stage,19h1-entn
microsoftwindowsdesktop,windows-10-1903-vhd-client-prod-stage,2019-datacentergqdl
microsoftwindowsdesktop,windows-10-1903-vhd-client-prod-stage,19h1-pron-gensecond
microsoftwindowsdesktop,windows-10-1903-vhd-client-prod-stage,19h1-pro
microsoftwindowsdesktop,windows-10-1903-vhd-client-prod-stage,19h1-entn-gensecond
microsoftwindowsdesktop,windows-10-1903-vhd-client-prod-stage,19h1-pro-gensecond
microsoftwindowsdesktop,windows-10-1903-vhd-client-prod-stage,19h1-pro-zh-cn
microsoftwindowsdesktop,windows-10-1903-vhd-client-prod-stage,19h1-pro-zh-cn-gensecond
microsoftwindowsdesktop,windows-10-1909-vhd-client-office-prod-stage,2019-datacenterhrwn
microsoftwindowsdesktop,windows-10-1909-vhd-client-office-prod-stage,19h2-evd-o365pp
microsoftwindowsdesktop,windows-10-1909-vhd-client-office-prod-stage,2019-datacenteryh3e
microsoftwindowsdesktop,windows-10-1909-vhd-client-prod-stage,19h2-evd
microsoftwindowsdesktop,windows-10-1909-vhd-client-prod-stage,19h2-entn-g2
microsoftwindowsdesktop,windows-10-1909-vhd-client-prod-stage,2019-datacenteroi40
microsoftwindowsdesktop,windows-10-1909-vhd-client-prod-stage,19h2-pron-g2
microsoftwindowsdesktop,windows-10-1909-vhd-client-prod-stage,19h2-pron
microsoftwindowsdesktop,windows-10-1909-vhd-client-prod-stage,19h2-ent
microsoftwindowsdesktop,windows-10-1909-vhd-client-prod-stage,19h2-entn
microsoftwindowsdesktop,windows-10-1909-vhd-client-prod-stage,19h2-pro-zh-cn
microsoftwindowsdesktop,windows-10-1909-vhd-client-prod-stage,19h2-pro-zh-cn-g2
microsoftwindowsdesktop,windows-10-1909-vhd-client-prod-stage,19h2-pro-g2
microsoftwindowsdesktop,windows-10-1909-vhd-client-prod-stage,19h2-pro
microsoftwindowsdesktop,windows-10-1909-vhd-client-prod-stage,19h2-ent-g2
microsoftwindowsdesktop,windows-10-2004-vhd-client-office-prod-stage,20h1-evd-o365pp
microsoftwindowsdesktop,windows-10-2004-vhd-client-office-prod-stage,2019-datacenterws4v
microsoftwindowsdesktop,windows-10-2004-vhd-client-prod-stage,20h1-entn-g2
microsoftwindowsdesktop,windows-10-2004-vhd-client-prod-stage,20h1-entn
microsoftwindowsdesktop,windows-10-2004-vhd-client-prod-stage,20h1-pro-zh-cn
microsoftwindowsdesktop,windows-10-2004-vhd-client-prod-stage,2019-datacenterp11p
microsoftwindowsdesktop,windows-10-2004-vhd-client-prod-stage,20h1-pro-g2
microsoftwindowsdesktop,windows-10-2004-vhd-client-prod-stage,20h1-ent-g2
microsoftwindowsdesktop,windows-10-2004-vhd-client-prod-stage,20h1-pron-g2
microsoftwindowsdesktop,windows-10-2004-vhd-client-prod-stage,20h1-evd
microsoftwindowsdesktop,windows-10-2004-vhd-client-prod-stage,20h1-ent
microsoftwindowsdesktop,windows-10-2004-vhd-client-prod-stage,20h1-pron
microsoftwindowsdesktop,windows-10-2004-vhd-client-prod-stage,20h1-pro
microsoftwindowsdesktop,windows-10-2004-vhd-client-prod-stage,20h1-pro-zh-cn-g2
microsoftwindowsdesktop,windows-10-20h2-vhd-client-office-prod-stage,20h2-evd-o365pp
microsoftwindowsdesktop,windows-10-20h2-vhd-client-office-prod-stage,2019-datacenterd3z2
microsoftwindowsdesktop,windows-10-20h2-vhd-client-office-prod-stage,2019-datacentere6ds
microsoftwindowsdesktop,windows-10-20h2-vhd-client-prod-stage,20h2-pro-zh-cn
microsoftwindowsdesktop,windows-10-20h2-vhd-client-prod-stage,20h2-pron
microsoftwindowsdesktop,windows-10-20h2-vhd-client-prod-stage,20h2-pro-g2
microsoftwindowsdesktop,windows-10-20h2-vhd-client-prod-stage,20h2-pro
microsoftwindowsdesktop,windows-10-20h2-vhd-client-prod-stage,20h2-pro-zh-cn-g2
microsoftwindowsdesktop,windows-10-20h2-vhd-client-prod-stage,20h2-ent
microsoftwindowsdesktop,windows-10-20h2-vhd-client-prod-stage,20h2-entn-g2
microsoftwindowsdesktop,windows-10-20h2-vhd-client-prod-stage,2019-datacenter33qt
microsoftwindowsdesktop,windows-10-20h2-vhd-client-prod-stage,20h2-ent-g2
microsoftwindowsdesktop,windows-10-20h2-vhd-client-prod-stage,20h2-entn
microsoftwindowsdesktop,windows-10-20h2-vhd-client-prod-stage,20h2-pron-g2
microsoftwindowsdesktop,windows-10-20h2-vhd-client-prod-stage,20h2-evd
microsoftwindowsdesktop,windows10preview,win10-22h2-ent-cpc-os
microsoftwindowsdesktop,windows10preview,win10-22h2-entn
microsoftwindowsdesktop,windows10preview,win10-22h2-pro-zh-cn
microsoftwindowsdesktop,windows10preview,win10-22h2-pron
microsoftwindowsdesktop,windows10preview,win10-22h2-avd-m365
microsoftwindowsdesktop,windows10preview,win10-22h2-ent
microsoftwindowsdesktop,windows10preview,win10-22h2-ent-cpc-m365-g2
microsoftwindowsdesktop,windows10preview,win10-22h2-ent-cpc-m365
microsoftwindowsdesktop,windows10preview,win10-22h2-avd-g2
microsoftwindowsdesktop,windows10preview,win10-22h2-pro-g2
microsoftwindowsdesktop,windows10preview,win10-22h2-avd-m365-g2
microsoftwindowsdesktop,windows10preview,win10-22h2-avd
microsoftwindowsdesktop,windows10preview,win10-22h2-entn-g2
microsoftwindowsdesktop,windows10preview,win10-22h2-pro-zh-cn-g2
microsoftwindowsdesktop,windows10preview,win10-22h2-ent-g2
microsoftwindowsdesktop,windows10preview,win10-22h2-ent-cpc-os-g2
microsoftwindowsdesktop,windows10preview,win10-22h2-pron-g2
microsoftwindowsdesktop,windows10preview,win10-22h2-pro
microsoftwindowsdesktop,windows-11,win11-21h2-ent
microsoftwindowsdesktop,windows-11,win11-22h2-entn
microsoftwindowsdesktop,windows-11,win11-21h2-avd
microsoftwindowsdesktop,windows-11,win11-21h2-entn
microsoftwindowsdesktop,windows-11,win11-22h2-pron
microsoftwindowsdesktop,windows-11,win11-22h2-pro-zh-cn
microsoftwindowsdesktop,windows-11,win11-21h2-pro
microsoftwindowsdesktop,windows-11,win11-21h2-pron
microsoftwindowsdesktop,windows-11,win11-22h2-avd
microsoftwindowsdesktop,windows-11,win11-21h2-pro-zh-cn
microsoftwindowsdesktop,windows-11,win11-22h2-pro
microsoftwindowsdesktop,windows-11,win11-22h2-ent
microsoftwindowsdesktop,windows11preview,win11-21h2-ent-cpc-m365
microsoftwindowsdesktop,windows11preview,win11-22h2-entn
microsoftwindowsdesktop,windows11preview,win11-22h2-avd-m365
microsoftwindowsdesktop,windows11preview,win11-22h2-ent-cpc-os
microsoftwindowsdesktop,windows11preview,win11-21h2-pro
microsoftwindowsdesktop,windows11preview,win11-21h2-ent
microsoftwindowsdesktop,windows11preview,win11-22h2-pron
microsoftwindowsdesktop,windows11preview,win11-22h2-avd
microsoftwindowsdesktop,windows11preview,win11-22h2-ent-cpc-m365
microsoftwindowsdesktop,windows11preview,win11-21h2-avd
microsoftwindowsdesktop,windows11preview,win11-22h2-ent
microsoftwindowsdesktop,windows11preview,win11-22h2-pro
microsoftwindowsdesktop,windows11preview,win11-22h2-pro-zh-cn
microsoftwindowsdesktop,windows11preview,win11-21h2-avd-m365
microsoftwindowsdesktop,windows-11-preview,win11-21h2-avd-m365
microsoftwindowsdesktop,windows-11-preview,win11-21h2-ent-cpc-m365
microsoftwindowsdesktop,windows11preview-arm64,win11-21h2-ent
microsoftwindowsdesktop,windows11preview-arm64,win11-21h2-pro
microsoftwindowsdesktop,windows11preview-arm64,win11-22h2-pro
microsoftwindowsdesktop,windows11preview-arm64,win11-22h2-ent
microsoftwindowsdesktop,windows-7,win7-pro
microsoftwindowsdesktop,windows-7,win7-enterprise
microsoftwindowsdesktop,windows-7-0-sp1-vhd-client-prod-stage,win7-pro
microsoftwindowsdesktop,windows-7-0-sp1-vhd-client-prod-stage,2019-datacenteranb3
microsoftwindowsdesktop,windows-7-0-sp1-vhd-client-prod-stage,win7-enterprise
microsoftwindowsdesktop,windows-7-preview,win7-ent
microsoftwindowsdesktop,windows-ent-cpc,win10-21h2-ent-cpc-os-g2
microsoftwindowsdesktop,windows-ent-cpc,win11-21h2-ent-cpc-os
microsoftwindowsdesktop,windows-ent-cpc,19h2-ent-cpc-os
microsoftwindowsdesktop,windows-ent-cpc,20h2-ent-cpc-m365
microsoftwindowsdesktop,windows-ent-cpc,19h2-ent-cpc-os-g2
microsoftwindowsdesktop,windows-ent-cpc,win11-22h2-ent-cpc-os
microsoftwindowsdesktop,windows-ent-cpc,21h1-ent-cpc-os-g2
microsoftwindowsdesktop,windows-ent-cpc,win11-21h2-ent-cpc-m365
microsoftwindowsdesktop,windows-ent-cpc,20h2-ent-cpc-os
microsoftwindowsdesktop,windows-ent-cpc,20h2-ent-cpc-os-g2
microsoftwindowsdesktop,windows-ent-cpc,21h1-ent-cpc-m365-g2
microsoftwindowsdesktop,windows-ent-cpc,19h2-ent-cpc-m365-g2
microsoftwindowsdesktop,windows-ent-cpc,21h1-ent-cpc-os
microsoftwindowsdesktop,windows-ent-cpc,21h1-ent-cpc-m365
microsoftwindowsdesktop,windows-ent-cpc,win10-21h2-ent-cpc-m365
microsoftwindowsdesktop,windows-ent-cpc,win10-22h2-ent-cpc-m365
microsoftwindowsdesktop,windows-ent-cpc,20h1-ent-cpc-os
microsoftwindowsdesktop,windows-ent-cpc,win11-22h2-ent-cpc-m365
microsoftwindowsdesktop,windows-ent-cpc,win10-22h2-ent-cpc-os
microsoftwindowsdesktop,windows-ent-cpc,20h1-ent-cpc-m365
microsoftwindowsdesktop,windows-ent-cpc,win10-21h2-ent-cpc-m365-g2
microsoftwindowsdesktop,windows-ent-cpc,20h1-ent-cpc-m365-g2
microsoftwindowsdesktop,windows-ent-cpc,20h2-ent-cpc-m365-g2
microsoftwindowsdesktop,windows-ent-cpc,20h1-ent-cpc-os-g2
microsoftwindowsdesktop,windows-ent-cpc,win10-21h2-ent-cpc-os
microsoftwindowsdesktop,windows-ent-cpc,19h2-ent-cpc-m365
canonical,0001-com-ubuntu-confidential-vm-experimental,18_04
canonical,0001-com-ubuntu-confidential-vm-experimental,20_04
canonical,0001-com-ubuntu-confidential-vm-experimental,18_04-gen2
canonical,0001-com-ubuntu-confidential-vm-experimental,20_04-gen2
canonical,0001-com-ubuntu-confidential-vm-focal,20_04-lts
canonical,0001-com-ubuntu-confidential-vm-focal,20_04-lts-gen2
canonical,0001-com-ubuntu-confidential-vm-focal,20_04-lts-cvm
canonical,0001-com-ubuntu-confidential-vm-jammy,22_04-lts-cvm
canonical,0001-com-ubuntu-confidential-vm-tdx-jammy,22_04-lts-cvm-tdx
canonical,0001-com-ubuntu-minimal-bionic,minimal-18_04-lts
canonical,0001-com-ubuntu-minimal-bionic,minimal-18_04-lts-gen2
canonical,0001-com-ubuntu-minimal-eoan-daily,minimal-19_10-daily
canonical,0001-com-ubuntu-minimal-focal,minimal-20_04-lts
canonical,0001-com-ubuntu-minimal-focal,minimal-20_04-lts-gen2
canonical,0001-com-ubuntu-minimal-focal-daily,minimal-20_04-daily-lts
canonical,0001-com-ubuntu-minimal-focal-daily,minimal-20_04-daily-lts-gen2
canonical,0001-com-ubuntu-minimal-groovy-daily,minimal-20_10-daily
canonical,0001-com-ubuntu-minimal-groovy-daily,minimal-20_10-daily-gen2
canonical,0001-com-ubuntu-minimal-hirsute-daily,minimal-21_04-daily
canonical,0001-com-ubuntu-minimal-hirsute-daily,minimal-21_04-daily-gen2
canonical,0001-com-ubuntu-minimal-impish-daily,minimal-21_10-daily
canonical,0001-com-ubuntu-minimal-impish-daily,minimal-21_10-daily-gen2
canonical,0001-com-ubuntu-minimal-jammy,minimal-22_04-lts
canonical,0001-com-ubuntu-minimal-jammy,minimal-22_04-lts-gen2
canonical,0001-com-ubuntu-minimal-jammy-aks-daily,minimal-aks-22_04-daily-lts-gen2
canonical,0001-com-ubuntu-minimal-jammy-aks-daily,minimal-aks-22_04-daily-lts
canonical,0001-com-ubuntu-minimal-jammy-daily,minimal-22_04-daily-lts-gen2
canonical,0001-com-ubuntu-minimal-jammy-daily,minimal-22_04-daily-lts
canonical,0001-com-ubuntu-minimal-kinetic,minimal-22_10
canonical,0001-com-ubuntu-minimal-kinetic,minimal-22_10-gen2
canonical,0001-com-ubuntu-minimal-kinetic-daily,minimal-22_10-daily
canonical,0001-com-ubuntu-minimal-kinetic-daily,minimal-22_10-daily-gen2
canonical,0001-com-ubuntu-minimal-lunar,minimal-23_04-gen2
canonical,0001-com-ubuntu-minimal-lunar,minimal-23_04
canonical,0001-com-ubuntu-minimal-lunar-daily,minimal-23_04-daily
canonical,0001-com-ubuntu-minimal-lunar-daily,minimal-23_04-daily-gen2
canonical,0001-com-ubuntu-minimal-mantic-daily,minimal-23_10-daily
canonical,0001-com-ubuntu-minimal-mantic-daily,minimal-23_10-daily-gen2
canonical,0001-com-ubuntu-pro-hidden-msft-fips,18_04-gen2
canonical,0001-com-ubuntu-pro-hidden-msft-fips,18_04
canonical,0001-com-ubuntu-pro-hidden-msft-fips,16_04
canonical,0001-com-ubuntu-pro-hidden-msft-fips,16_04-gen2
canonical,0001-com-ubuntu-server-arm-preview-focal,20_04-lts
canonical,0001-com-ubuntu-server-eoan,19_10-gen2
canonical,0001-com-ubuntu-server-eoan,19_10
canonical,0001-com-ubuntu-server-focal,20_04-lts-gen2
canonical,0001-com-ubuntu-server-focal,20_04-lts
canonical,0001-com-ubuntu-server-focal,20_04-lts-arm64
canonical,0001-com-ubuntu-server-focal-daily,20_04-daily-lts-arm64
canonical,0001-com-ubuntu-server-focal-daily,20_04-daily-lts-gen2
canonical,0001-com-ubuntu-server-focal-daily,20_04-daily-lts
canonical,0001-com-ubuntu-server-groovy,20_10
canonical,0001-com-ubuntu-server-groovy,20_10-gen2
canonical,0001-com-ubuntu-server-groovy-daily,20_10-daily
canonical,0001-com-ubuntu-server-groovy-daily,20_10-daily-gen2
canonical,0001-com-ubuntu-server-hirsute,21_04-gen2
canonical,0001-com-ubuntu-server-hirsute,21_04
canonical,0001-com-ubuntu-server-hirsute-daily,21_04-daily
canonical,0001-com-ubuntu-server-hirsute-daily,21_04-daily-gen2
canonical,0001-com-ubuntu-server-impish,21_10-gen2
canonical,0001-com-ubuntu-server-impish,21_10
canonical,0001-com-ubuntu-server-impish-daily,21_10-daily-gen2
canonical,0001-com-ubuntu-server-impish-daily,21_10-daily
canonical,0001-com-ubuntu-server-jammy,22_04-lts-gen2
canonical,0001-com-ubuntu-server-jammy,22_04-lts-arm64
canonical,0001-com-ubuntu-server-jammy,22_04-lts
canonical,0001-com-ubuntu-server-jammy-daily,22_04-daily-lts-arm64
canonical,0001-com-ubuntu-server-jammy-daily,22_04-daily-lts
canonical,0001-com-ubuntu-server-jammy-daily,22_04-daily-lts-gen2
canonical,0001-com-ubuntu-server-kinetic,22_10
canonical,0001-com-ubuntu-server-kinetic,22_10-gen2
canonical,0001-com-ubuntu-server-kinetic,22_10-arm64
canonical,0001-com-ubuntu-server-kinetic-daily,22_10-daily-arm64
canonical,0001-com-ubuntu-server-kinetic-daily,22_10-daily
canonical,0001-com-ubuntu-server-kinetic-daily,22_10-daily-gen2
canonical,0001-com-ubuntu-server-lunar,23_04
canonical,0001-com-ubuntu-server-lunar,23_04-gen2
canonical,0001-com-ubuntu-server-lunar,23_04-arm64
canonical,0001-com-ubuntu-server-lunar-daily,23_04-daily-gen2
canonical,0001-com-ubuntu-server-lunar-daily,23_04-daily-arm64
canonical,0001-com-ubuntu-server-lunar-daily,23_04-daily
canonical,0001-com-ubuntu-server-mantic-daily,23_10-daily
canonical,0001-com-ubuntu-server-mantic-daily,23_10-daily-gen2
canonical,0001-com-ubuntu-server-mantic-daily,23_10-daily-arm64
canonical,0001-com-ubuntu-server-trusted-vm-preview,18_04-lts-gen2
canonical,0001-com-ubuntu-server-trusted-vm-preview,18_04
canonical,0002-com-ubuntu-minimal-bionic-daily,minimal-18_04-daily-lts
canonical,0002-com-ubuntu-minimal-bionic-daily,minimal-18_04-daily-lts-gen2
canonical,0002-com-ubuntu-minimal-disco-daily,minimal-19_04-daily
canonical,0002-com-ubuntu-minimal-disco-daily,minimal-19_04-daily-gen2
canonical,0002-com-ubuntu-minimal-focal-daily,minimal-20_04-daily-lts-gen2
canonical,0002-com-ubuntu-minimal-focal-daily,minimal-20_04-daily-lts
canonical,0002-com-ubuntu-minimal-xenial-daily,minimal-16_04-daily-lts
canonical,0002-com-ubuntu-minimal-xenial-daily,minimal-16_04-daily-lts-gen2
canonical,0002-com-ubuntu-server-arm-preview-bionic,18_04-lts
canonical,0003-com-ubuntu-minimal-eoan-daily,minimal-19_10-daily-gen2
canonical,0003-com-ubuntu-minimal-eoan-daily,minimal-19_10-daily
canonical,0003-com-ubuntu-server-trusted-vm,18_04-gen2
canonical,0003-com-ubuntu-server-trusted-vm,18_04
canonical,ubuntu,22_10-minimal-gen2
canonical,ubuntu,18_04-lts-gen2
canonical,ubuntu,18_04-lts-minimal
canonical,ubuntu,22_04-lts
canonical,ubuntu,22_04-lts-minimal
canonical,ubuntu,22_04-lts-minimal-gen2
canonical,ubuntu,20_04-lts-minimal-gen2
canonical,ubuntu,20_04-lts-gen2
canonical,ubuntu,20_04-lts
canonical,ubuntu,18_04-lts
canonical,ubuntu,22_04-lts-gen2
canonical,ubuntu,22_10-minimal
canonical,ubuntu,22_10
canonical,ubuntu,18_04-lts-minimal-gen2
canonical,ubuntu,22_10-gen2
canonical,ubuntu,20_04-lts-minimal
canonical,ubuntu,23_04
canonical,ubuntu,23_04-minimal-gen2
canonical,ubuntu,23_04-minimal
canonical,ubuntu,23_04-gen2
Canonical,UbuntuMinimal,19_04-daily-gen2
Canonical,UbuntuMinimal,19.04-DAILY
Canonical,UbuntuServer,16.04-LTS
Canonical,UbuntuServer,16_04-lts-gen2
Canonical,UbuntuServer,18_04-lts-arm64
Canonical,UbuntuServer,18.04-DAILY-LTS
Canonical,UbuntuServer,19.10-DAILY
Canonical,UbuntuServer,18_04-lts-gen2
Canonical,UbuntuServer,19_10-daily-gen2
Canonical,UbuntuServer,16_04-daily-lts-gen2
Canonical,UbuntuServer,19.04-DAILY
Canonical,UbuntuServer,18.04-LTS
Canonical,UbuntuServer,19_04-gen2
Canonical,UbuntuServer,19.04
Canonical,UbuntuServer,16.04.0-LTS
Canonical,UbuntuServer,19_04-daily-gen2
Canonical,UbuntuServer,16_04_0-lts-gen2
Canonical,UbuntuServer,18_04-daily-lts-arm64
Canonical,UbuntuServer,16.04-DAILY-LTS
Canonical,UbuntuServer,18_04-daily-lts-gen2
canonical,ubuntu-test-offer-0010-preview,18_04_premium_test
